Pertanyaan,Jawaban Naive,Jawaban Local,Jawaban Global,Jawaban Hybrid,Naive Token Count,Local Token Count,Global Token Count,Hybrid Token Count
"Apa tujuan Itenas sebagai institusi pendidikan tinggi?,""Itenas memiliki beberapa tujuan utama sebagai sarana dan wadah bagi mahasiswa, meliputi:"

*   Menampung dan menyalurkan aspirasi mahasiswa serta menetapkan garis-garis besar program dan kegiatan kemahasiswaan.
*   Melaksanakan kegiatan kemahasiswaan serta kegiatan yang terkait dengan penerapan keilmuan dan keahlian, pengabdian kepada masyarakat, dan/atau sesuai dengan bakat dan peminatan mahasiswa.
*   Memfasilitasi komunikasi antar mahasiswa.
*   Mengembangkan potensi jati diri mahasiswa sebagai insan akademis, calon ilmuwan, dan intelektual yang berguna di masa depan.
*   Mengembangkan pelatihan keterampilan berorganisasi, manajemen, dan kepemimpinan mahasiswa.
*   Memelihara dan mengembangkan ilmu, teknologi, dan seni yang dilandasi oleh norma-norma agama, akademis, etika, moral, dan wawasan kebangsaan.

"Organisasi Kemahasiswaan Itenas diselenggarakan berdasarkan prinsip dari, oleh, dan untuk mahasiswa, dengan derajat kebebasan dan mekanisme tanggung jawab yang ditetapkan bersama antara mahasiswa dan Pimpinan Itenas. Pimpinan Itenas tetap merupakan penanggung jawab semua kegiatan di Itenas atau yang mengatasnamakan Itenas."",""Itenas adalah sebuah institusi pendidikan tinggi yang dikenal sebagai Institut Teknologi Nasional dan berada di bawah naungan Yayasan Pendidikan Dayang Sumbi. Itenas memiliki tujuan untuk mengembangkan potensi sivitas akademika agar menjadi manusia yang beriman, bertakwa, berakhlak mulia, sehat, berilmu, cakap, kreatif, mandiri, dan bertanggung jawab. Selain itu, Itenas juga bertujuan untuk membentuk manusia yang berkualitas secara intelektual, spiritual, dan emosional, serta menguasai ilmu pengetahuan, teknologi, dan seni."

Itenas juga memiliki tujuan untuk menyiapkan mahasiswa menjadi warga negara yang beriman dan berakhlak, memiliki kemampuan akademik dan intelektual dalam bidang ilmu pengetahuan, teknologi, dan seni, serta memiliki jiwa kewirausahaan. Itenas juga bertujuan untuk mengembangkan, menyebarluaskan, dan menerapkan ilmu pengetahuan, teknologi, dan seni untuk meningkatkan kesejahteraan masyarakat dan daya saing bangsa, serta memperkaya budaya. Terakhir, Itenas bertujuan untuk mendorong terjadinya perubahan dan pembaharuan masyarakat yang lebih baik sesuai dengan perkembangan ilmu pengetahuan, teknologi, dan seni.

"Visi Itenas adalah menjadi perguruan tinggi terkemuka di bidang teknologi, sains, dan seni, yang berperan aktif dalam pembangunan berkelanjutan di lingkup nasional dan global, berlandaskan nilai-nilai integritas, kualitas, dan inovasi yang tinggi. Misi Itenas meliputi membangun karakter bangsa melalui tridarma perguruan tinggi yang berkualitas, menghasilkan lulusan yang unggul dalam kecerdasan intelektual serta memiliki integritas dan moral yang tinggi, menghasilkan karya ilmiah dan inovatif yang bermanfaat bagi kesejahteraan masyarakat, dan mengembangkan infrastruktur dan sistem manajemen yang berbasis sains dan teknologi untuk menumbuhkan suasana akademik yang kondusif."",""Itenas bertujuan untuk menjadi perguruan tinggi terkemuka di bidang teknologi, sains, dan seni, yang berperan aktif dalam pembangunan berkelanjutan di lingkup nasional dan global, berlandaskan nilai-nilai integritas, kualitas, dan inovasi yang tinggi."

Misi Itenas meliputi membangun karakter bangsa melalui kegiatan tridarma perguruan tinggi yang berkualitas, menghasilkan lulusan unggul dalam kecerdasan intelektual serta berintegritas dan bermoral tinggi, menghasilkan karya ilmiah dan inovatif yang bermanfaat bagi kesejahteraan masyarakat, serta mengembangkan infrastruktur dan sistem manajemen berbasis sains dan teknologi untuk menumbuhkan suasana akademik yang kondusif.

"Itenas juga bertujuan mengembangkan potensi sivitas akademika agar menjadi manusia yang beriman, bertakwa, berakhlak mulia, sehat, berilmu, cakap, kreatif, mandiri, dan menjadi warga negara yang demokratis serta bertanggung jawab. Selain itu, Itenas ingin membentuk manusia yang berkualitas secara intelektual, spiritual, dan emosional, menguasai ilmu pengetahuan, teknologi, dan seni, berlandaskan pada semangat kebangsaan, sistem nilai, moral, dan watak serta peradaban yang mendukung peningkatan daya saing bangsa. Itenas juga berupaya menyiapkan mahasiswa menjadi warga negara beriman dan berakhlak, memiliki kemampuan akademik dan intelektual dalam bidang ilmu pengetahuan, teknologi, dan seni, yang memiliki jiwa kewirausahaan dan mampu mengembangkan potensi dirinya menjadi insan produktif bagi kehidupan pribadi, masyarakat, bangsa, dan umat manusia. Itenas juga bertujuan mengembangkan, menyebarluaskan, dan menerapkan ilmu pengetahuan, teknologi, dan seni untuk meningkatkan kesejahteraan masyarakat dan daya saing bangsa, serta memperkaya budaya, dan mendorong terjadinya perubahan dan pembaharuan masyarakat yang lebih baik sesuai dengan perkembangan ilmu pengetahuan, teknologi, dan seni."",""Itenas bertujuan untuk mengembangkan potensi sivitas akademika agar menjadi manusia yang beriman, bertakwa, berakhlak mulia, sehat, berilmu, cakap, kreatif, mandiri, dan bertanggung jawab. Selain itu, Itenas juga bertujuan untuk membentuk manusia yang berkualitas secara intelektual, spiritual, dan emosional, menguasai ilmu pengetahuan, teknologi, dan seni, berlandaskan pada semangat kebangsaan, sistem nilai, moral, dan watak serta peradaban yang mendukung peningkatan daya saing bangsa."

Itenas juga bertujuan untuk menyiapkan mahasiswa menjadi warga negara beriman dan berakhlak, memiliki kemampuan akademik dan intelektual dalam bidang ilmu pengetahuan, teknologi, dan seni, yang memiliki jiwa kewirausahaan dan mampu mengembangkan potensi dirinya menjadi insan produktif bagi kehidupan pribadi, masyarakat, bangsa, dan umat manusia. Tujuan lainnya adalah mengembangkan, menyebarluaskan, dan menerapkan ilmu pengetahuan, teknologi, dan seni untuk meningkatkan kesejahteraan masyarakat dan daya saing bangsa, serta memperkaya budaya. Itenas juga mendorong terjadinya perubahan dan pembaharuan masyarakat yang lebih baik sesuai dengan perkembangan ilmu pengetahuan, teknologi, dan seni.

"Visi Itenas adalah menjadi perguruan tinggi terkemuka di bidang teknologi, sains, dan seni, yang berperan aktif dalam pembangunan berkelanjutan di lingkup nasional dan global, berlandaskan nilai-nilai integritas, kualitas, dan inovasi yang tinggi. Misi Itenas meliputi membangun karakter bangsa melalui penyelenggaraan kegiatan tridarma perguruan tinggi yang berkualitas, menghasilkan lulusan yang unggul dalam kecerdasan intelektual serta memiliki integritas dan moral yang tinggi, menghasilkan karya ilmiah dan karya inovatif yang bermanfaat bagi kesejahteraan masyarakat, dan mengembangkan infrastruktur dan sistem manajemen yang berbasis sains dan teknologi untuk menumbuhkan suasana akademik yang kondusif."",66033,66033,66033,66033"
